date,FundValNet,ForeignValNet,CustomerValNet
2016-01-04,-5952.0,13758.0,-7806.0
2016-01-05,-9636.0,8085.0,1551.0
2016-01-06,2433.0,635.0,-3068.0
2016-01-07,684.0,10242.0,-10926.0
2016-01-08,-11709.0,12406.0,-697.0
2016-01-11,-6200.0,728.0,5472.0
2016-01-12,-2446.0,-70.0,2516.0
2016-01-13,2773.0,8414.0,-11187.0
2016-01-14,-4663.0,-8552.0,13215.0
2016-01-15,4964.0,-2375.0,-2589.0
2016-01-18,-1213.0,8129.0,-6916.0
2016-01-19,1409.0,-681.0,-728.0
2016-01-20,8550.0,-2361.0,-6189.0
2016-01-21,-8906.0,9448.0,-542.0
2016-01-22,-16172.0,8576.0,7596.0
2016-01-25,-293.0,1200.0,-907.0
2016-01-26,810.0,3313.0,-4123.0
2016-01-27,5991.0,-5359.0,-632.0
2016-01-28,952.0,4594.0,-5546.0
2016-01-29,6713.0,1309.0,-8022.0
2016-02-01,6129.0,-5010.0,-1119.0
2016-02-02,-2498.0,-4839.0,7337.0
2016-02-03,1628.0,-1604.0,-24.0
2016-02-04,-3240.0,11943.0,-8703.0
2016-02-05,-6270.0,2798.0,3472.0
2016-02-08,-9315.0,13443.0,-4128.0
2016-02-09,-361.0,-3749.0,4110.0
2016-02-10,-6628.0,-869.0,7497.0
2016-02-11,13058.0,-2127.0,-10931.0
2016-02-12,-3803.0,3469.0,334.0
2016-02-14,-3524.0,7526.0,-4002.0
2016-02-15,-6108.0,5931.0,177.0
2016-02-16,4485.0,431.0,-4916.0
2016-02-17,-3345.0,-2863.0,6208.0
2016-02-18,4107.0,11921.0,-16028.0
2016-02-19,-14310.0,7556.0,6754.0
2016-02-23,3050.0,-1706.0,-1344.0
2016-02-24,598.0,1454.0,-2052.0
2016-02-25,-2818.0,5681.0,-2863.0
2016-02-26,-249.0,3761.0,-3512.0
2016-02-29,3134.0,2709.0,-5843.0
2016-03-01,-3399.0,-5174.0,8573.0
2016-03-02,-4688.0,7893.0,-3205.0
2016-03-03,-9105.0,6284.0,2821.0
2016-03-04,-341.0,-6712.0,7053.0
2016-03-07,-1632.0,5407.0,-3775.0
2016-03-08,1939.0,-4476.0,2537.0
2016-03-09,-3570.0,-9070.0,12640.0
2016-03-10,2886.0,9476.0,-12362.0
2016-03-11,-10109.0,-1207.0,11316.0
2016-03-14,1834.0,4262.0,-6096.0
2016-03-15,-2575.0,962.0,1613.0
2016-03-16,-1670.0,-2274.0,3944.0
2016-03-17,-1564.0,12529.0,-10965.0
2016-03-18,-4630.0,3501.0,1129.0
2016-03-21,-4731.0,3078.0,1653.0
2016-03-22,1205.0,-644.0,-561.0
2016-03-23,91.0,-9410.0,9319.0
2016-03-24,3422.0,-3438.0,16.0
2016-03-25,3471.0,-1139.0,-2332.0
2016-03-28,-2715.0,1221.0,1494.0
2016-03-29,694.0,-2651.0,1957.0
2016-03-30,-7125.0,11244.0,-4119.0
2016-03-31,501.0,-4533.0,4032.0
2016-04-01,519.0,2529.0,-3048.0
2016-04-04,-3226.0,-3917.0,7143.0
2016-04-05,5066.0,-12172.0,7106.0
2016-04-07,7659.0,-87.0,-7572.0
2016-04-08,2296.0,3993.0,-6289.0
2016-04-11,-1146.0,4594.0,-3448.0
2016-04-12,-245.0,4479.0,-4234.0
2016-04-18,-4529.0,14061.0,-9532.0
2016-04-19,-8353.0,4025.0,4328.0
2016-04-20,-3723.0,4578.0,-855.0
2016-04-21,-5467.0,6225.0,-758.0
2016-04-22,2545.0,2965.0,-5510.0
2016-04-25,231.0,-640.0,409.0
2016-04-26,-7558.0,-2449.0,10007.0
2016-04-27,7599.0,-12706.0,5107.0
2016-04-28,7482.0,6512.0,-13994.0
2016-04-29,-4003.0,1138.0,2865.0
2016-05-03,2117.0,-730.0,-1387.0
2016-05-04,587.0,-11734.0,11147.0
2016-05-09,3628.0,-4214.0,586.0
2016-05-10,4825.0,-9210.0,4385.0
2016-05-11,8926.0,257.0,-9183.0
2016-05-12,-6497.0,9166.0,-2669.0
2016-05-13,3661.0,-4736.0,1075.0
2016-05-16,288.0,-5637.0,5349.0
2016-05-17,-2128.0,4255.0,-2127.0
2016-05-18,3859.0,-345.0,-3514.0
2016-05-19,3543.0,-10172.0,6629.0
2016-05-23,3574.0,653.0,-4227.0
2016-05-24,-4264.0,-3891.0,8155.0
2016-05-25,-5209.0,7380.0,-2171.0
2016-05-26,398.0,8442.0,-8840.0
2016-05-27,-1345.0,12382.0,-11037.0
2016-05-30,-3556.0,1299.0,2257.0
2016-05-31,-5178.0,7235.0,-2057.0
2016-06-01,-3166.0,4693.0,-1527.0
2016-06-02,-4004.0,5556.0,-1552.0
2016-06-03,-7565.0,4383.0,3182.0
2016-06-06,-1063.0,-2767.0,3830.0
2016-06-07,-1608.0,740.0,868.0
2016-06-08,-200.0,-5289.0,5489.0
2016-06-09,657.0,4361.0,-5018.0
2016-06-10,1269.0,-583.0,-686.0
2016-06-13,-1224.0,515.0,709.0
2016-06-14,1175.0,-4871.0,3696.0
2016-06-15,-6973.0,-3694.0,10667.0
2016-06-16,9697.0,-6254.0,-3443.0
2016-06-17,-2769.0,-2026.0,4795.0
2016-06-20,-2359.0,815.0,1544.0
2016-06-21,56.0,-2274.0,2218.0
2016-06-22,-2398.0,4738.0,-2340.0
2016-06-23,527.0,-4672.0,4145.0
2016-06-24,10908.0,-8499.0,-2409.0
2016-06-27,10400.0,-747.0,-9653.0
2016-06-28,4027.0,-2801.0,-1226.0
2016-06-29,2140.0,11649.0,-13789.0
2016-06-30,121.0,2528.0,-2649.0
2016-07-04,-1205.0,5894.0,-4689.0
2016-07-05,3786.0,244.0,-4030.0
2016-07-06,-4544.0,-6755.0,11299.0
2016-07-07,6541.0,2859.0,-9400.0
2016-07-08,-2720.0,-7744.0,10464.0
2016-07-11,372.0,9705.0,-10077.0
2016-07-12,-145.0,6697.0,-6552.0
2016-07-13,3509.0,741.0,-4250.0
2016-07-14,695.0,-1860.0,1165.0
2016-07-15,132.0,-553.0,421.0
2016-07-20,-4437.0,-4689.0,9126.0
2016-07-21,282.0,1321.0,-1603.0
2016-07-22,-4369.0,-11121.0,15490.0
2016-07-25,516.0,4756.0,-5272.0
2016-07-26,-2656.0,5575.0,-2919.0
2016-07-27,-2106.0,-151.0,2257.0
2016-07-28,-1881.0,34.0,1847.0
2016-07-29,9008.0,-4107.0,-4901.0
2016-08-01,260.0,-2746.0,2486.0
2016-08-02,-1760.0,-1783.0,3543.0
2016-08-03,-886.0,4136.0,-3250.0
2016-08-04,4668.0,4743.0,-9411.0
2016-08-05,142.0,-508.0,366.0
2016-08-08,-549.0,-13095.0,13644.0
2016-08-09,4563.0,-446.0,-4117.0
2016-08-10,532.0,-427.0,-105.0
2016-08-11,-35.0,-729.0,764.0
2016-08-15,510.0,-319.0,-191.0
2016-08-16,2646.0,-5010.0,2364.0
2016-08-17,-2687.0,-6017.0,8704.0
2016-08-18,278.0,-890.0,612.0
2016-08-19,6917.0,3272.0,-10189.0
2016-08-22,-3130.0,-302.0,3432.0
2016-08-23,1200.0,-5985.0,4785.0
2016-08-24,-277.0,8376.0,-8099.0
2016-08-25,3046.0,-3937.0,891.0
2016-08-26,-169.0,6443.0,-6274.0
2016-08-29,416.0,-5647.0,5231.0
2016-08-30,-2705.0,1185.0,1520.0
2016-08-31,-2967.0,-242.0,3209.0
2016-09-01,1292.0,-5316.0,4024.0
2016-09-02,204.0,-2871.0,2667.0
2016-09-05,-1916.0,-1517.0,3433.0
2016-09-06,4670.0,-1363.0,-3307.0
2016-09-07,4538.0,680.0,-5218.0
2016-09-08,-9466.0,8231.0,1235.0
2016-09-09,-272.0,-5727.0,5999.0
2016-09-12,7467.0,-6628.0,-839.0
2016-09-13,11352.0,3063.0,-14415.0
2016-09-14,1184.0,-6548.0,5364.0
2016-09-15,3605.0,3536.0,-7141.0
2016-09-16,-14529.0,29385.0,-14856.0
2016-09-19,1650.0,-12142.0,10492.0
2016-09-20,7868.0,4460.0,-12328.0
2016-09-21,-12355.0,1760.0,10595.0
2016-09-22,-3944.0,7839.0,-3895.0
2016-09-23,-10879.0,4100.0,6779.0
2016-09-26,1372.0,5973.0,-7345.0
2016-09-27,-7729.0,9625.0,-1896.0
2016-09-28,570.0,3028.0,-3598.0
2016-09-29,-5974.0,11077.0,-5103.0
2016-09-30,3604.0,-1240.0,-2364.0
2016-10-03,-1552.0,6358.0,-4806.0
2016-10-04,-2893.0,-7487.0,10380.0
2016-10-05,-365.0,-4334.0,4699.0
2016-10-06,-754.0,5450.0,-4696.0
2016-10-07,955.0,-366.0,-589.0
2016-10-10,4479.0,-7785.0,3306.0
2016-10-11,1003.0,-337.0,-666.0
2016-10-12,-1854.0,4078.0,-2224.0
2016-10-13,6413.0,16075.0,-22488.0
2016-10-14,5565.0,-24390.0,18825.0
2016-10-17,5254.0,-7241.0,1987.0
2016-10-18,282.0,-1328.0,1046.0
2016-10-19,-578.0,9677.0,-9099.0
2016-10-20,-1108.0,2733.0,-1625.0
2016-10-21,950.0,-1606.0,656.0
2016-10-25,-991.0,1219.0,-228.0
2016-10-26,1202.0,-5625.0,4423.0
2016-10-27,-6921.0,6356.0,565.0
2016-10-28,855.0,-2221.0,1366.0
2016-10-31,-3115.0,2096.0,1019.0
2016-11-01,-6695.0,6055.0,640.0
2016-11-02,-1324.0,-2864.0,4188.0
2016-11-03,-4244.0,276.0,3968.0
2016-11-04,7995.0,-3351.0,-4644.0
2016-11-07,-6821.0,719.0,6102.0
2016-11-08,76.0,8870.0,-8946.0
2016-11-09,-5076.0,-7673.0,12749.0
2016-11-10,-1525.0,7836.0,-6311.0
2016-11-11,11691.0,-23605.0,11914.0
2016-11-14,6713.0,-16427.0,9714.0
2016-11-15,-4929.0,2651.0,2278.0
2016-11-16,4853.0,9287.0,-14140.0
2016-11-17,5480.0,-6446.0,966.0
2016-11-18,-3239.0,-2638.0,5877.0
2016-11-21,1376.0,7304.0,-8680.0
2016-11-22,992.0,6710.0,-7702.0
2016-11-23,-5732.0,13195.0,-7463.0
2016-11-24,2378.0,-5064.0,2686.0
2016-11-25,-3785.0,6580.0,-2795.0
2016-11-28,-2612.0,7113.0,-4501.0
2016-11-29,-5322.0,-1044.0,6366.0
2016-11-30,-13308.0,14023.0,-715.0
2016-12-01,-5966.0,7222.0,-1256.0
2016-12-02,4186.0,-3566.0,-620.0
2016-12-06,-2861.0,878.0,1983.0
2016-12-07,-1201.0,3337.0,-2136.0
2016-12-08,-1734.0,6939.0,-5205.0
2016-12-09,-579.0,-2602.0,3181.0
2016-12-13,-4984.0,1322.0,3662.0
2016-12-14,3169.0,-7008.0,3839.0
2016-12-15,1122.0,-5247.0,4125.0
2016-12-16,580.0,-389.0,-191.0
2016-12-19,486.0,5581.0,-6067.0
2016-12-20,1389.0,-8713.0,7324.0
2016-12-21,538.0,-4958.0,4420.0
2016-12-22,531.0,-998.0,467.0
2016-12-23,-1296.0,-7639.0,8935.0
2016-12-26,1643.0,785.0,-2428.0
2016-12-27,2606.0,1302.0,-3908.0
2016-12-28,1388.0,1716.0,-3104.0
2016-12-29,-3527.0,18941.0,-15414.0
2016-12-30,-8074.0,11007.0,-2933.0
2017-01-04,-3697.0,15440.0,-11743.0
2017-01-05,-1944.0,120.0,1824.0
2017-01-06,-484.0,424.0,60.0
2017-01-09,1210.0,-4016.0,2806.0
2017-01-10,-3943.0,-963.0,4906.0
2017-01-11,101.0,2761.0,-2862.0
2017-01-12,802.0,3560.0,-4362.0
2017-01-13,-1501.0,-1610.0,3111.0
2017-01-16,-453.0,1430.0,-977.0
2017-01-17,675.0,-1757.0,1082.0
2017-01-18,1173.0,-433.0,-740.0
2017-01-19,661.0,-15775.0,15114.0
2017-01-20,794.0,-2071.0,1277.0
2017-01-23,2098.0,-3458.0,1360.0
2017-01-24,-471.0,9074.0,-8603.0
2017-01-25,2563.0,3237.0,-5800.0
2017-01-26,7184.0,-2083.0,-5101.0
2017-01-27,2106.0,-6426.0,4320.0
2017-01-30,1074.0,-1667.0,593.0
2017-01-31,3345.0,-10676.0,7331.0
2017-02-01,370.0,-4777.0,4407.0
2017-02-02,1800.0,-5548.0,3748.0
2017-02-03,-1449.0,-1019.0,2468.0
2017-02-06,2160.0,1054.0,-3214.0
2017-02-07,4470.0,-1070.0,-3400.0
2017-02-08,2935.0,-799.0,-2136.0
2017-02-09,1688.0,542.0,-2230.0
2017-02-10,3497.0,264.0,-3761.0
2017-02-14,-2076.0,-6049.0,8125.0
2017-02-15,-3768.0,-5002.0,8770.0
2017-02-16,4617.0,6378.0,-10995.0
2017-02-17,-1056.0,-2023.0,3079.0
2017-02-20,-1504.0,-1235.0,2739.0
2017-02-21,1813.0,-1956.0,143.0
2017-02-22,845.0,-5817.0,4972.0
2017-02-23,1981.0,-2029.0,48.0
2017-02-24,-3968.0,-398.0,4366.0
2017-02-27,3357.0,-2049.0,-1308.0
2017-02-28,857.0,1567.0,-2424.0
2017-03-01,-4031.0,969.0,3062.0
2017-03-02,-4162.0,9994.0,-5832.0
2017-03-03,1298.0,-7528.0,6230.0
2017-03-06,-110.0,-2565.0,2675.0
2017-03-07,-1884.0,1436.0,448.0
2017-03-08,-2894.0,-965.0,3859.0
2017-03-09,925.0,-1822.0,897.0
2017-03-10,2059.0,-6141.0,4082.0
2017-03-13,-450.0,-7637.0,8087.0
2017-03-14,1246.0,-408.0,-838.0
2017-03-15,1596.0,65.0,-1661.0
2017-03-16,823.0,18698.0,-19521.0
2017-03-17,-1006.0,11523.0,-10517.0
2017-03-20,1173.0,-9106.0,7933.0
2017-03-21,3056.0,12025.0,-15081.0
2017-03-22,-1165.0,-9320.0,10485.0
2017-03-23,1479.0,-778.0,-701.0
2017-03-24,-218.0,7874.0,-7656.0
2017-03-27,-2774.0,902.0,1872.0
2017-03-28,-102.0,876.0,-774.0
2017-03-29,700.0,-2044.0,1344.0
2017-03-30,-4083.0,8132.0,-4049.0
2017-03-31,-449.0,1325.0,-876.0
2017-04-03,-1066.0,1876.0,-810.0
2017-04-04,-2942.0,6941.0,-3999.0
2017-04-05,-1492.0,4710.0,-3218.0
2017-04-07,2726.0,3831.0,-6557.0
2017-04-10,-1793.0,7753.0,-5960.0
2017-04-11,-805.0,655.0,150.0
2017-04-12,144.0,3829.0,-3973.0
2017-04-17,-6067.0,-3869.0,9936.0
2017-04-18,1826.0,-4144.0,2318.0
2017-04-19,-5848.0,3713.0,2135.0
2017-04-20,-1177.0,-2330.0,3507.0
2017-04-21,1020.0,445.0,-1465.0
2017-04-24,654.0,284.0,-938.0
2017-04-25,-602.0,-1190.0,1792.0
2017-04-26,-3192.0,9749.0,-6557.0
2017-04-27,-797.0,1487.0,-690.0
2017-04-28,546.0,-10222.0,9676.0
2017-05-02,-611.0,3021.0,-2410.0
2017-05-03,3607.0,-949.0,-2658.0
2017-05-04,637.0,4040.0,-4677.0
2017-05-05,-195.0,459.0,-264.0
2017-05-08,861.0,5427.0,-6288.0
2017-05-09,-1593.0,13.0,1580.0
2017-05-11,-1944.0,-9642.0,11586.0
2017-05-12,2888.0,-29263.0,26375.0
2017-05-15,-587.0,-6363.0,6950.0
2017-05-16,2941.0,-2781.0,-160.0
2017-05-17,2314.0,4199.0,-6513.0
2017-05-18,3155.0,-7238.0,4083.0
2017-05-19,-174.0,-524.0,698.0
2017-05-22,261.0,727.0,-988.0
2017-05-23,6926.0,968.0,-7894.0
2017-05-24,2406.0,5005.0,-7411.0
2017-05-25,90.0,10722.0,-10812.0
2017-05-26,-973.0,4887.0,-3914.0
2017-05-29,1363.0,2092.0,-3455.0
2017-05-30,-725.0,1393.0,-668.0
2017-05-31,-2715.0,-8923.0,11638.0
2017-06-01,741.0,-1399.0,658.0
2017-06-02,5139.0,10090.0,-15229.0
2017-06-05,-1132.0,-6500.0,7632.0
2017-06-06,-569.0,-5315.0,5884.0
2017-06-07,1682.0,-6668.0,4986.0
2017-06-08,42.0,-391.0,349.0
2017-06-09,-3743.0,-4662.0,8405.0
2017-06-12,415.0,-3425.0,3010.0
2017-06-13,3367.0,1835.0,-5202.0
2017-06-14,3341.0,5403.0,-8744.0
2017-06-15,781.0,-3564.0,2783.0
2017-06-16,-84.0,12506.0,-12422.0
2017-06-19,-1516.0,7330.0,-5814.0
2017-06-20,-2983.0,-110.0,3093.0
2017-06-21,-2477.0,-5880.0,8357.0
2017-06-22,3409.0,1681.0,-5090.0
2017-06-23,290.0,2877.0,-3167.0
2017-06-26,-1059.0,7953.0,-6894.0
2017-06-27,-528.0,-2495.0,3023.0
2017-06-28,1064.0,-1930.0,866.0
2017-06-29,5004.0,-9312.0,4308.0
2017-06-30,129.0,-11030.0,10901.0
2017-07-03,2255.0,-844.0,-1411.0
2017-07-04,659.0,-721.0,62.0
2017-07-05,516.0,-508.0,-8.0
2017-07-06,1205.0,-16432.0,15227.0
2017-07-07,2355.0,-8964.0,6609.0
2017-07-11,-28.0,-6520.0,6548.0
2017-07-12,5169.0,8940.0,-14109.0
2017-07-13,7888.0,11042.0,-18930.0
2017-07-14,-425.0,10759.0,-10334.0
2017-07-17,-1640.0,3424.0,-1784.0
2017-07-18,-2817.0,-1473.0,4290.0
2017-07-19,1014.0,9187.0,-10201.0
2017-07-20,62.0,6202.0,-6264.0
2017-07-21,1919.0,5929.0,-7848.0
2017-07-24,3061.0,6020.0,-9081.0
2017-07-25,6436.0,8120.0,-14556.0
2017-07-26,5100.0,11316.0,-16416.0
2017-07-27,-711.0,257.0,454.0
2017-07-31,-11488.0,-15190.0,26678.0
2017-08-01,-3441.0,-3313.0,6754.0
2017-08-02,130.0,6717.0,-6847.0
2017-08-03,496.0,3031.0,-3527.0
2017-08-04,-1568.0,4043.0,-2475.0
2017-08-07,5934.0,-8916.0,2982.0
2017-08-08,4046.0,5571.0,-9617.0
2017-08-09,-4191.0,-12089.0,16280.0
2017-08-10,-156.0,1186.0,-1030.0
2017-08-11,-7825.0,-23194.0,31019.0
2017-08-15,7386.0,-4332.0,-3054.0
2017-08-16,1694.0,-9556.0,7862.0
2017-08-17,642.0,2053.0,-2695.0
2017-08-18,420.0,-7173.0,6753.0
2017-08-21,575.0,2788.0,-3363.0
2017-08-22,2274.0,6483.0,-8757.0
2017-08-23,1647.0,8259.0,-9906.0
2017-08-24,-563.0,26865.0,-26302.0
2017-08-25,-1059.0,20526.0,-19467.0
2017-08-28,-5206.0,16993.0,-11787.0
2017-08-29,-19965.0,-55720.0,75685.0
2017-08-30,938.0,-10035.0,9097.0
2017-08-31,-2433.0,-2392.0,4825.0
2017-09-01,5427.0,-1822.0,-3605.0
2017-09-04,859.0,-5939.0,5080.0
2017-09-05,1126.0,-3960.0,2834.0
2017-09-06,492.0,5.0,-497.0
2017-09-07,8152.0,-12540.0,4388.0
2017-09-08,-1420.0,-17147.0,18567.0
2017-09-11,9074.0,673.0,-9747.0
2017-09-12,447.0,1522.0,-1969.0
2017-09-13,-2675.0,4414.0,-1739.0
2017-09-14,-4029.0,-7308.0,11337.0
2017-09-15,-7139.0,-14847.0,21986.0
2017-09-18,7906.0,-13100.0,5194.0
2017-09-19,-1067.0,-12518.0,13585.0
2017-09-20,507.0,-3571.0,3064.0
2017-09-21,-6779.0,9553.0,-2774.0
2017-09-22,-5321.0,20968.0,-15647.0
2017-09-25,2533.0,-7395.0,4862.0
2017-09-26,2733.0,-1743.0,-990.0
2017-09-27,4557.0,976.0,-5533.0
2017-09-28,2882.0,-2666.0,-216.0
2017-09-29,7353.0,-1909.0,-5444.0
2017-10-02,9259.0,-24079.0,14820.0
2017-10-03,2411.0,-7052.0,4641.0
2017-10-04,8102.0,831.0,-8933.0
2017-10-05,-7014.0,2843.0,4171.0
2017-10-06,-7088.0,-4035.0,11123.0
2017-10-09,10410.0,287.0,-10697.0
2017-10-10,3513.0,-13338.0,9825.0
2017-10-11,2454.0,-1070.0,-1384.0
2017-10-12,-15905.0,10594.0,5311.0
2017-10-16,11665.0,-5304.0,-6361.0
2017-10-17,6383.0,-6385.0,2.0
2017-10-18,-4305.0,-9068.0,13373.0
2017-10-19,-7255.0,15061.0,-7806.0
2017-10-20,-4735.0,922.0,3813.0
2017-10-24,4954.0,2609.0,-7563.0
2017-10-25,-1147.0,-4619.0,5766.0
2017-10-27,-111.0,220.0,-109.0
2017-10-30,10197.0,2688.0,-12885.0
2017-10-31,-4629.0,3851.0,778.0
2017-11-01,3501.0,-3845.0,344.0
2017-11-02,4309.0,3722.0,-8031.0
2017-11-03,649.0,-4686.0,4037.0
2017-11-06,-9357.0,434.0,8923.0
2017-11-07,5795.0,-1292.0,-4503.0
2017-11-08,1151.0,-6120.0,4969.0
2017-11-09,-2063.0,1733.0,330.0
2017-11-10,-2072.0,-6310.0,8382.0
2017-11-13,4707.0,219.0,-4926.0
2017-11-14,6993.0,-6907.0,-86.0
2017-11-15,2553.0,-5338.0,2785.0
2017-11-16,4299.0,4486.0,-8785.0
2017-11-17,-5835.0,12790.0,-6955.0
2017-11-20,2669.0,-6283.0,3614.0
2017-11-21,-1600.0,-3380.0,4980.0
2017-11-22,-859.0,4301.0,-3442.0
2017-11-23,1924.0,2407.0,-4331.0
2017-11-24,-6975.0,-4350.0,11325.0
2017-11-27,-754.0,-5954.0,6708.0
2017-11-28,-3329.0,5298.0,-1969.0
2017-11-29,5840.0,6600.0,-12440.0
2017-11-30,629.0,-9382.0,8753.0
2017-12-01,-15.0,-720.0,735.0
2017-12-04,20.0,-3134.0,3114.0
2017-12-06,-2698.0,9411.0,-6713.0
2017-12-07,-5025.0,8914.0,-3889.0
2017-12-08,-5843.0,3691.0,2152.0
2017-12-12,7361.0,-8209.0,848.0
2017-12-13,5381.0,-9496.0,4115.0
2017-12-14,2643.0,4771.0,-7414.0
2017-12-15,-407.0,-9364.0,9771.0
2017-12-18,591.0,-7900.0,7309.0
2017-12-19,72.0,1146.0,-1218.0
2017-12-20,-3537.0,-487.0,4024.0
2017-12-21,-751.0,1165.0,-414.0
2017-12-22,2288.0,-6235.0,3947.0
2017-12-25,3019.0,-5031.0,2012.0
2017-12-26,5956.0,1737.0,-7693.0
2017-12-27,3031.0,7058.0,-10089.0
2017-12-28,-3259.0,-2076.0,5335.0
2017-12-29,-6860.0,4701.0,2159.0
2018-01-03,2735.0,-7032.0,4297.0
2018-01-04,5195.0,-853.0,-4342.0
2018-01-05,-917.0,-11385.0,12302.0
2018-01-08,5014.0,9423.0,-14437.0
2018-01-09,-173.0,-8577.0,8750.0
2018-01-10,2103.0,7258.0,-9361.0
2018-01-11,-4407.0,-4807.0,9214.0
2018-01-12,405.0,2325.0,-2730.0
2018-01-15,7320.0,9535.0,-16855.0
2018-01-16,-2616.0,-10381.0,12997.0
2018-01-17,-10718.0,6059.0,4659.0
2018-01-18,12303.0,-9034.0,-3269.0
2018-01-19,-7909.0,-331.0,8240.0
2018-01-22,-4742.0,9483.0,-4741.0
2018-01-23,388.0,3173.0,-3561.0
2018-01-24,519.0,4061.0,-4580.0
2018-01-25,2635.0,3143.0,-5778.0
2018-01-26,1140.0,4840.0,-5980.0
2018-01-29,6835.0,-1564.0,-5271.0
2018-01-30,870.0,-12434.0,11564.0
2018-01-31,-8640.0,8482.0,158.0
2018-02-01,-2218.0,12886.0,-10668.0
2018-02-02,968.0,16385.0,-17353.0
2018-02-05,-9344.0,-16205.0,25549.0
2018-02-06,14275.0,-28348.0,14073.0
2018-02-07,17106.0,-4153.0,-12953.0
2018-02-08,265.0,-5045.0,4780.0
2018-02-09,-4436.0,-1671.0,6107.0
2018-02-12,3412.0,-4182.0,770.0
2018-02-13,1764.0,9578.0,-11342.0
2018-02-19,2453.0,5603.0,-8056.0
2018-02-20,-929.0,1739.0,-810.0
2018-02-21,-2416.0,8248.0,-5832.0
2018-02-22,-5931.0,4255.0,1676.0
2018-02-23,-73.0,4120.0,-4047.0
2018-02-26,54.0,-6937.0,6883.0
2018-02-27,-2773.0,-8361.0,11134.0
2018-02-28,3022.0,-8323.0,5301.0
2018-03-02,9262.0,-20235.0,10973.0
2018-03-05,-538.0,-4933.0,5471.0
2018-03-06,1172.0,3060.0,-4232.0
2018-03-07,393.0,-3911.0,3518.0
2018-03-08,979.0,11716.0,-12695.0
2018-03-09,-2844.0,-14005.0,16849.0
2018-03-12,4390.0,5849.0,-10239.0
2018-03-13,1520.0,1829.0,-3349.0
2018-03-14,-4182.0,6635.0,-2453.0
2018-03-15,-117.0,556.0,-439.0
2018-03-16,1005.0,1793.0,-2798.0
2018-03-19,-23.0,-3116.0,3139.0
2018-03-20,-2525.0,7336.0,-4811.0
2018-03-21,-950.0,-596.0,1546.0
2018-03-22,-1587.0,-2593.0,4180.0
2018-03-23,-1260.0,13569.0,-12309.0
2018-03-26,-2396.0,-1918.0,4314.0
2018-03-27,1359.0,-9852.0,8493.0
2018-03-28,1582.0,-7306.0,5724.0
2018-03-29,5215.0,-26529.0,21314.0
2018-03-30,-3308.0,-765.0,4073.0
2018-04-02,-2532.0,12619.0,-10087.0
2018-04-03,1669.0,-727.0,-942.0
2018-04-04,1567.0,-4153.0,2586.0
2018-04-05,-567.0,21814.0,-21247.0
2018-04-09,-442.0,9805.0,-9363.0
2018-04-10,603.0,2201.0,-2804.0
2018-04-11,-2864.0,11548.0,-8684.0
2018-04-12,-935.0,2525.0,-1590.0
2018-04-17,3188.0,-5650.0,2462.0
2018-04-18,-2606.0,6238.0,-3632.0
2018-04-19,-5463.0,10141.0,-4678.0
2018-04-20,-1329.0,810.0,519.0
2018-04-23,-2818.0,-84.0,2902.0
2018-04-24,2301.0,8461.0,-10762.0
2018-04-25,3142.0,-6807.0,3665.0
2018-04-26,771.0,-4213.0,3442.0
2018-04-27,-754.0,-4676.0,5430.0
2018-04-30,656.0,-3268.0,2612.0
2018-05-02,-2360.0,1551.0,809.0
2018-05-03,-5862.0,564.0,5298.0
2018-05-04,4749.0,-5232.0,483.0
2018-05-07,-305.0,2471.0,-2166.0
2018-05-08,7262.0,-16121.0,8859.0
2018-05-09,-685.0,-8420.0,9105.0
2018-05-10,2084.0,-249.0,-1835.0
2018-05-11,839.0,-7020.0,6181.0
2018-05-14,-2242.0,5413.0,-3171.0
2018-05-15,-2500.0,-1273.0,3773.0
2018-05-16,5252.0,-7393.0,2141.0
2018-05-17,-946.0,2521.0,-1575.0
2018-05-18,-446.0,6615.0,-6169.0
2018-05-21,-2736.0,3429.0,-693.0
2018-05-22,6695.0,-5741.0,-954.0
2018-05-23,-2423.0,-12425.0,14848.0
2018-05-24,2149.0,-15145.0,12996.0
2018-05-25,386.0,-4916.0,4530.0
2018-05-28,-2091.0,-3392.0,5483.0
2018-05-30,2901.0,-5473.0,2572.0
2018-05-31,-972.0,12380.0,-11408.0
2018-06-01,6574.0,-17344.0,10770.0
2018-06-04,-686.0,447.0,239.0
2018-06-05,2176.0,4245.0,-6421.0
2018-06-06,-1291.0,9561.0,-8270.0
2018-06-07,1719.0,-1047.0,-672.0
2018-06-08,2089.0,-5548.0,3459.0
2018-06-11,-2199.0,3880.0,-1681.0
2018-06-12,-903.0,8148.0,-7245.0
2018-06-13,3013.0,-9329.0,6316.0
2018-06-14,325.0,-979.0,654.0
2018-06-15,-1283.0,1877.0,-594.0
2018-06-18,-2813.0,-3521.0,6334.0
2018-06-19,5270.0,14899.0,-20169.0
2018-06-20,-9801.0,16063.0,-6262.0
2018-06-21,10658.0,1938.0,-12596.0
2018-06-22,-7040.0,-1153.0,8193.0
2018-06-25,8076.0,4721.0,-12797.0
2018-06-26,-8895.0,-330.0,9225.0
2018-06-27,3692.0,-2316.0,-1376.0
2018-06-28,360.0,-4458.0,4098.0
2018-06-29,9237.0,-16419.0,7182.0
2018-07-02,464.0,11439.0,-11903.0
2018-07-03,-1091.0,9860.0,-8769.0
2018-07-04,2349.0,7331.0,-9680.0
2018-07-05,-2068.0,-2737.0,4805.0
2018-07-06,-6101.0,-2316.0,8417.0
2018-07-09,2991.0,3903.0,-6894.0
2018-07-10,-274.0,10702.0,-10428.0
2018-07-11,-8308.0,401.0,7907.0
2018-07-12,-569.0,2142.0,-1573.0
2018-07-13,4579.0,-6917.0,2338.0
2018-07-16,3739.0,2455.0,-6194.0
2018-07-17,-6146.0,-5642.0,11788.0
2018-07-18,-1239.0,12947.0,-11708.0
2018-07-19,-3599.0,11671.0,-8072.0
2018-07-20,-811.0,11087.0,-10276.0
2018-07-23,-27.0,5299.0,-5272.0
2018-07-24,2772.0,5046.0,-7818.0
2018-07-25,-9226.0,12830.0,-3604.0
2018-07-26,2129.0,1907.0,-4036.0
2018-07-31,42.0,5034.0,-5076.0
2018-08-01,-4440.0,7297.0,-2857.0
2018-08-02,3381.0,-9612.0,6231.0
2018-08-03,-231.0,-3284.0,3515.0
2018-08-06,3256.0,-4030.0,774.0
2018-08-07,-10837.0,405.0,10432.0
2018-08-08,-5811.0,5650.0,161.0
2018-08-09,-870.0,-2925.0,3795.0
2018-08-10,4163.0,-477.0,-3686.0
2018-08-14,-4099.0,-14657.0,18756.0
2018-08-15,8822.0,-5001.0,-3821.0
2018-08-16,3050.0,-7778.0,4728.0
2018-08-17,6128.0,-4829.0,-1299.0
2018-08-20,-3397.0,4086.0,-689.0
2018-08-21,7674.0,10828.0,-18502.0
2018-08-22,-4184.0,14029.0,-9845.0
2018-08-23,-3937.0,-4122.0,8059.0
2018-08-24,599.0,-10893.0,10294.0
2018-08-27,-1146.0,1523.0,-377.0
2018-08-28,-87.0,3795.0,-3708.0
2018-08-29,-3307.0,-4063.0,7370.0
2018-08-30,-368.0,3513.0,-3145.0
2018-08-31,-842.0,-1243.0,2085.0
2018-09-03,2803.0,1240.0,-4043.0
2018-09-04,2608.0,-5104.0,2496.0
2018-09-05,11471.0,-12279.0,808.0
2018-09-06,-6894.0,-1766.0,8660.0
2018-09-07,4742.0,2864.0,-7606.0
2018-09-10,2076.0,-6215.0,4139.0
2018-09-11,14451.0,-15474.0,1023.0
2018-09-12,-5142.0,16885.0,-11743.0
2018-09-13,-13915.0,12124.0,1791.0
2018-09-14,-348.0,1310.0,-962.0
2018-09-17,-4016.0,2365.0,1651.0
2018-09-18,-3665.0,-10646.0,14311.0
2018-09-19,493.0,-3230.0,2737.0
2018-09-20,1958.0,-1494.0,-464.0
2018-09-21,-2493.0,-4419.0,6912.0
2018-09-24,149.0,1228.0,-1377.0
2018-09-25,-2800.0,795.0,2005.0
2018-09-26,-17.0,-11257.0,11274.0
2018-09-27,6683.0,-8792.0,2109.0
2018-09-28,-1865.0,4225.0,-2360.0
2018-10-01,-903.0,-2848.0,3751.0
2018-10-02,13282.0,-6032.0,-7250.0
2018-10-03,1538.0,2546.0,-4084.0
2018-10-04,4445.0,-15286.0,10841.0
2018-10-05,3547.0,-5032.0,1485.0
2018-10-08,1841.0,-5752.0,3911.0
2018-10-09,3189.0,7427.0,-10616.0
2018-10-10,781.0,548.0,-1329.0
2018-10-11,-7410.0,23013.0,-15603.0
2018-10-12,-4428.0,-3359.0,7787.0
2018-10-16,6184.0,-1578.0,-4606.0
2018-10-17,2637.0,1835.0,-4472.0
2018-10-18,6505.0,-6364.0,-141.0
2018-10-19,582.0,-10468.0,9886.0
2018-10-22,2196.0,-2880.0,684.0
2018-10-24,9532.0,-11235.0,1703.0
2018-10-25,-378.0,6021.0,-5643.0
2018-10-26,937.0,4491.0,-5428.0
2018-10-29,-2137.0,13475.0,-11338.0
2018-10-30,781.0,618.0,-1399.0
2018-10-31,-7441.0,3764.0,3677.0
2018-11-01,2130.0,2799.0,-4929.0
2018-11-02,-6558.0,-3450.0,10008.0
2018-11-05,2048.0,3226.0,-5274.0
2018-11-06,1701.0,-5075.0,3374.0
2018-11-07,-8703.0,5655.0,3048.0
2018-11-08,-4921.0,2248.0,2673.0
2018-11-09,8130.0,-9280.0,1150.0
2018-11-12,5209.0,-10997.0,5788.0
2018-11-13,-8950.0,-1903.0,10853.0
2018-11-14,6627.0,-5503.0,-1124.0
2018-11-15,-3384.0,-14178.0,17562.0
2018-11-16,-4019.0,14490.0,-10471.0
2018-11-19,-4511.0,3169.0,1342.0
2018-11-20,6485.0,-11177.0,4692.0
2018-11-21,1648.0,-5417.0,3769.0
2018-11-22,1025.0,2608.0,-3633.0
2018-11-23,-7483.0,-694.0,8177.0
2018-11-26,148.0,-6786.0,6638.0
2018-11-27,1422.0,6841.0,-8263.0
2018-11-28,313.0,1619.0,-1932.0
2018-11-29,1889.0,7783.0,-9672.0
2018-11-30,-5392.0,-497.0,5889.0
2018-12-03,4953.0,10598.0,-15551.0
2018-12-04,1285.0,-6420.0,5135.0
2018-12-06,4900.0,-8099.0,3199.0
2018-12-07,3604.0,-5037.0,1433.0
2018-12-11,5181.0,-15493.0,10312.0
2018-12-12,718.0,-2700.0,1982.0
2018-12-13,-2853.0,2251.0,602.0
2018-12-14,611.0,-292.0,-319.0
2018-12-17,-7015.0,6510.0,505.0
2018-12-18,-1925.0,-6571.0,8496.0
2018-12-19,-5690.0,4951.0,739.0
2018-12-20,1837.0,-727.0,-1110.0
2018-12-21,-263.0,-12397.0,12660.0
2018-12-24,1403.0,9621.0,-11024.0
2018-12-25,6233.0,-2460.0,-3773.0
2018-12-26,-5258.0,12313.0,-7055.0
2018-12-27,10888.0,-1778.0,-9110.0
2018-12-28,2505.0,10038.0,-12543.0
2019-01-02,-5105.0,9184.0,-4079.0
2019-01-03,6362.0,-11783.0,5421.0
2019-01-04,-10420.0,-6971.0,17391.0
2019-01-07,-5019.0,15101.0,-10082.0
2019-01-08,303.0,2968.0,-3271.0
2019-01-09,8163.0,-6621.0,-1542.0
2019-01-10,1521.0,-848.0,-673.0
2019-01-11,-3843.0,1159.0,2684.0
2019-01-14,4739.0,-15333.0,10594.0
2019-01-15,577.0,5463.0,-6040.0
2019-01-16,-7997.0,-3194.0,11191.0
2019-01-17,1032.0,6851.0,-7883.0
2019-01-18,2578.0,-9925.0,7347.0
2019-01-21,2377.0,6311.0,-8688.0
2019-01-22,-2138.0,9464.0,-7326.0
2019-01-23,-5430.0,1362.0,4068.0
2019-01-24,4423.0,-4795.0,372.0
2019-01-25,-911.0,1600.0,-689.0
2019-01-28,-1770.0,3036.0,-1266.0
2019-01-29,-3366.0,9125.0,-5759.0
2019-01-30,945.0,-7000.0,6055.0
2019-01-31,2209.0,13077.0,-15286.0
2019-02-01,-6280.0,9510.0,-3230.0
2019-02-04,-1112.0,4232.0,-3120.0
2019-02-05,-1929.0,-711.0,2640.0
2019-02-06,-3965.0,19348.0,-15383.0
2019-02-07,-1429.0,4323.0,-2894.0
2019-02-08,-2699.0,-391.0,3090.0
2019-02-11,5210.0,-14719.0,9509.0
2019-02-12,-3096.0,3050.0,46.0
2019-02-13,2304.0,-1658.0,-646.0
2019-02-14,5371.0,-14794.0,9423.0
2019-02-15,-2034.0,-2239.0,4273.0
2019-02-18,2068.0,8647.0,-10715.0
2019-02-20,-6350.0,-132.0,6482.0
2019-02-21,-355.0,10197.0,-9842.0
2019-02-22,-5454.0,2223.0,3231.0
2019-02-25,2041.0,-7989.0,5948.0
2019-02-26,5162.0,-4449.0,-713.0
2019-02-27,1291.0,4698.0,-5989.0
2019-02-28,4534.0,-8514.0,3980.0
2019-03-01,1547.0,-17656.0,16109.0
2019-03-04,6890.0,-6388.0,-502.0
2019-03-05,-1968.0,-1619.0,3587.0
2019-03-06,4571.0,-490.0,-4081.0
2019-03-07,-6699.0,13024.0,-6325.0
2019-03-08,3567.0,-9363.0,5796.0
2019-03-11,2176.0,-11247.0,9071.0
2019-03-12,1029.0,11195.0,-12224.0
2019-03-13,-4367.0,4708.0,-341.0
2019-03-14,6618.0,-20451.0,13833.0
2019-03-15,1612.0,418.0,-2030.0
2019-03-18,2303.0,1494.0,-3797.0
2019-03-19,-14125.0,16794.0,-2669.0
2019-03-20,2789.0,419.0,-3208.0
2019-03-21,1224.0,-4373.0,3149.0
2019-03-22,-5411.0,6402.0,-991.0
2019-03-25,11404.0,-16346.0,4942.0
2019-03-26,-4562.0,11047.0,-6485.0
2019-03-27,2140.0,-3758.0,1618.0
2019-03-28,-4368.0,21460.0,-17092.0
2019-03-29,1243.0,-4518.0,3275.0
2019-04-01,2139.0,5806.0,-7945.0
2019-04-02,-455.0,10359.0,-9904.0
2019-04-03,853.0,1230.0,-2083.0
2019-04-04,3610.0,-6659.0,3049.0
2019-04-05,-3399.0,7613.0,-4214.0
2019-04-09,-13626.0,28957.0,-15331.0
2019-04-10,-3340.0,2938.0,402.0
2019-04-11,804.0,-5450.0,4646.0
2019-04-12,-4875.0,-3945.0,8820.0
2019-04-17,-3560.0,10657.0,-7097.0
2019-04-18,5505.0,-12064.0,6559.0
2019-04-19,1852.0,3478.0,-5330.0
2019-04-22,735.0,2549.0,-3284.0
2019-04-23,550.0,5993.0,-6543.0
2019-04-24,-3923.0,5030.0,-1107.0
2019-04-25,-1926.0,4783.0,-2857.0
2019-04-26,4254.0,-7532.0,3278.0
2019-04-29,-2069.0,5227.0,-3158.0
2019-04-30,-698.0,-133.0,831.0
2019-05-02,-1774.0,3219.0,-1445.0
2019-05-03,-1275.0,-8172.0,9447.0
2019-05-07,1278.0,-11041.0,9763.0
2019-05-08,461.0,868.0,-1329.0
2019-05-09,3712.0,-7116.0,3404.0
2019-05-10,1434.0,-15817.0,14383.0
2019-05-13,3050.0,-1214.0,-1836.0
2019-05-14,-5605.0,-9206.0,14811.0
2019-05-15,9308.0,-19158.0,9850.0
2019-05-16,-5993.0,-7219.0,13212.0
2019-05-17,6201.0,-13158.0,6957.0
2019-05-21,-10195.0,22356.0,-12161.0
2019-05-22,-1677.0,8519.0,-6842.0
2019-05-23,13637.0,-12114.0,-1523.0
2019-05-24,-6843.0,-6900.0,13743.0
2019-05-27,-3917.0,18965.0,-15048.0
2019-05-28,427.0,32600.0,-33027.0
2019-05-29,1867.0,-15694.0,13827.0
2019-05-30,-5401.0,2401.0,3000.0
2019-05-31,7492.0,-5635.0,-1857.0
2019-06-04,-18325.0,29205.0,-10880.0
2019-06-05,9279.0,-2169.0,-7110.0
2019-06-06,2.0,4037.0,-4039.0
2019-06-07,235.0,2707.0,-2942.0
2019-06-10,277.0,11343.0,-11620.0
2019-06-11,-3565.0,15167.0,-11602.0
2019-06-12,-1270.0,4979.0,-3709.0
2019-06-13,-3458.0,-6333.0,9791.0
2019-06-14,4829.0,-2616.0,-2213.0
2019-06-17,-1274.0,-4917.0,6191.0
2019-06-18,-10618.0,28680.0,-18062.0
2019-06-19,-8064.0,8220.0,-156.0
2019-06-20,-2295.0,4188.0,-1893.0
2019-06-21,753.0,-9865.0,9112.0
2019-06-24,549.0,-7607.0,7058.0
2019-06-25,-3524.0,-5351.0,8875.0
2019-06-26,2199.0,-13558.0,11359.0
2019-06-27,949.0,4025.0,-4974.0
2019-06-28,4380.0,17642.0,-22022.0
2019-07-01,11357.0,-20978.0,9621.0
2019-07-02,2084.0,1341.0,-3425.0
2019-07-03,-6151.0,-1893.0,8044.0
2019-07-04,11569.0,-6534.0,-5035.0
2019-07-05,-5803.0,6398.0,-595.0
2019-07-08,-505.0,-8687.0,9192.0
2019-07-09,1565.0,3680.0,-5245.0
2019-07-10,-3038.0,-488.0,3526.0
2019-07-11,8896.0,-11161.0,2265.0
2019-07-12,2339.0,-8433.0,6094.0
2019-07-15,-2455.0,1959.0,496.0
2019-07-17,-4898.0,6733.0,-1835.0
2019-07-18,1738.0,1227.0,-2965.0
2019-07-19,-2884.0,-9073.0,11957.0
2019-07-22,6399.0,-1760.0,-4639.0
2019-07-23,-602.0,-7394.0,7996.0
2019-07-24,2719.0,-2949.0,230.0
2019-07-25,-1562.0,-6238.0,7800.0
2019-07-26,4514.0,5037.0,-9551.0
2019-07-30,324.0,-4494.0,4170.0
2019-07-31,2604.0,1176.0,-3780.0
2019-08-01,4545.0,-11617.0,7072.0
2019-08-02,-3910.0,-22547.0,26457.0
2019-08-05,6329.0,-13934.0,7605.0
2019-08-06,4059.0,-1757.0,-2302.0
2019-08-07,8155.0,-624.0,-7531.0
2019-08-08,-1858.0,-3400.0,5258.0
2019-08-09,1291.0,3949.0,-5240.0
2019-08-13,-4314.0,-13744.0,18058.0
2019-08-14,12388.0,3687.0,-16075.0
2019-08-15,-2149.0,-22717.0,24866.0
2019-08-16,-328.0,10012.0,-9684.0
2019-08-19,8970.0,-1727.0,-7243.0
2019-08-20,-1270.0,-4447.0,5717.0
2019-08-21,-5265.0,-10231.0,15496.0
2019-08-22,5802.0,14019.0,-19821.0
2019-08-23,-2911.0,-1636.0,4547.0
2019-08-26,-2116.0,-11019.0,13135.0
2019-08-27,8953.0,-1871.0,-7082.0
2019-08-28,818.0,7378.0,-8196.0
2019-08-29,-4090.0,5654.0,-1564.0
2019-08-30,-2397.0,18889.0,-16492.0
2019-09-02,-4051.0,1649.0,2402.0
2019-09-03,8005.0,3979.0,-11984.0
2019-09-04,-10990.0,15064.0,-4074.0
2019-09-05,2119.0,14433.0,-16552.0
2019-09-06,1457.0,4049.0,-5506.0
2019-09-09,2120.0,3151.0,-5271.0
2019-09-10,5128.0,12210.0,-17338.0
2019-09-11,-4249.0,3289.0,960.0
2019-09-12,2364.0,-2050.0,-314.0
2019-09-13,-7730.0,17716.0,-9986.0
2019-09-16,-2870.0,6955.0,-4085.0
2019-09-17,4973.0,-10038.0,5065.0
2019-09-18,-1491.0,4702.0,-3211.0
2019-09-19,-2828.0,-2197.0,5025.0
2019-09-20,-4967.0,13660.0,-8693.0
2019-09-23,-1355.0,-11681.0,13036.0
2019-09-24,4043.0,4588.0,-8631.0
2019-09-25,4886.0,-6453.0,1567.0
2019-09-26,4556.0,-2392.0,-2164.0
2019-09-27,1799.0,4393.0,-6192.0
2019-09-30,-434.0,2114.0,-1680.0
2019-10-01,464.0,-7201.0,6737.0
2019-10-02,-4253.0,1320.0,2933.0
2019-10-03,579.0,-497.0,-82.0
2019-10-04,3587.0,-13072.0,9485.0
2019-10-07,-3286.0,3245.0,41.0
2019-10-08,1874.0,2370.0,-4244.0
2019-10-09,-2120.0,-11959.0,14079.0
2019-10-10,5558.0,-10059.0,4501.0
2019-10-11,-1089.0,13198.0,-12109.0
2019-10-15,-1210.0,337.0,873.0
2019-10-16,-974.0,14284.0,-13310.0
2019-10-17,979.0,19930.0,-20909.0
2019-10-18,104.0,-6224.0,6120.0
2019-10-21,1469.0,2592.0,-4061.0
2019-10-22,-4353.0,8999.0,-4646.0
2019-10-24,924.0,4808.0,-5732.0
2019-10-25,-705.0,-23405.0,24110.0
2019-10-28,-3541.0,21517.0,-17976.0
2019-10-29,-1176.0,14100.0,-12924.0
2019-10-30,-2098.0,-750.0,2848.0
2019-10-31,1386.0,2891.0,-4277.0
2019-11-01,1773.0,-6461.0,4688.0
2019-11-04,-4341.0,16816.0,-12475.0
2019-11-05,2607.0,-82.0,-2525.0
2019-11-06,-1288.0,-8926.0,10214.0
2019-11-07,-4867.0,3398.0,1469.0
2019-11-08,3753.0,-2573.0,-1180.0
2019-11-11,3058.0,-12468.0,9410.0
2019-11-12,-2742.0,8910.0,-6168.0
2019-11-13,2967.0,-5535.0,2568.0
2019-11-14,-5861.0,-11766.0,17627.0
2019-11-15,2180.0,-12046.0,9866.0
2019-11-18,-1344.0,3047.0,-1703.0
2019-11-19,3785.0,-12168.0,8383.0
2019-11-20,-8834.0,-9758.0,18592.0
2019-11-21,-258.0,-17148.0,17406.0
2019-11-22,3202.0,10712.0,-13914.0
2019-11-25,1241.0,13110.0,-14351.0
2019-11-26,563.0,25120.0,-25683.0
2019-11-27,-807.0,-2853.0,3660.0
2019-11-28,-1982.0,-17213.0,19195.0
2019-11-29,-2368.0,-50247.0,52615.0
2019-12-02,-4670.0,-15997.0,20667.0
2019-12-03,-5948.0,7442.0,-1494.0
2019-12-04,-556.0,-7358.0,7914.0
2019-12-06,8717.0,-9937.0,1220.0
2019-12-09,2310.0,-3290.0,980.0
2019-12-11,885.0,-1508.0,623.0
2019-12-12,-8024.0,15279.0,-7255.0
2019-12-13,12781.0,11669.0,-24450.0
2019-12-16,-5232.0,-26988.0,32220.0
2019-12-17,-2652.0,16641.0,-13989.0
2019-12-18,1111.0,10351.0,-11462.0
2019-12-19,-3452.0,-416.0,3868.0
2019-12-20,-8638.0,6072.0,2566.0
2019-12-23,2440.0,-4496.0,2056.0
2019-12-24,291.0,-1888.0,1597.0
2019-12-25,-2900.0,5633.0,-2733.0
2019-12-26,1622.0,2734.0,-4356.0
2019-12-27,-3302.0,3033.0,269.0
2019-12-30,-1471.0,-3946.0,5417.0
2020-01-02,-1007.0,2962.0,-1955.0
2020-01-03,8413.0,17160.0,-25573.0
2020-01-06,-8802.0,-22549.0,31351.0
2020-01-07,-2351.0,9654.0,-7303.0
2020-01-08,3021.0,-29501.0,26480.0
2020-01-09,-7866.0,15993.0,-8127.0
2020-01-10,-216.0,-177.0,393.0
2020-01-13,-3708.0,3315.0,393.0
2020-01-14,843.0,3688.0,-4531.0
2020-01-15,-268.0,-13672.0,13940.0
2020-01-16,-2982.0,18054.0,-15072.0
2020-01-17,4828.0,10084.0,-14912.0
2020-01-20,5530.0,-27475.0,21945.0
2020-01-21,-2532.0,-28621.0,31153.0
2020-01-22,-1141.0,-10707.0,11848.0
2020-01-23,88.0,-2565.0,2477.0
2020-01-24,1259.0,-12335.0,11076.0
2020-01-27,16398.0,-6443.0,-9955.0
2020-01-28,1883.0,17068.0,-18951.0
2020-01-29,-4147.0,23029.0,-18882.0
2020-01-30,-860.0,-5025.0,5885.0
2020-01-31,4837.0,-6248.0,1411.0
2020-02-03,-1267.0,-8428.0,9695.0
2020-02-04,766.0,12696.0,-13462.0
2020-02-05,1268.0,10841.0,-12109.0
2020-02-06,10829.0,-2356.0,-8473.0
2020-02-07,-4768.0,2935.0,1833.0
2020-02-11,-62.0,-628.0,690.0
2020-02-12,-7958.0,17668.0,-9710.0
2020-02-13,3510.0,-1251.0,-2259.0
2020-02-14,-3497.0,-8156.0,11653.0
2020-02-17,-4945.0,7501.0,-2556.0
2020-02-18,1358.0,-1022.0,-336.0
2020-02-19,-4356.0,4333.0,23.0
2020-02-20,1983.0,-22014.0,20031.0
2020-02-21,-75.0,22686.0,-22611.0
2020-02-24,-765.0,2917.0,-2152.0
2020-02-25,-4613.0,23831.0,-19218.0
2020-02-26,-7457.0,-56.0,7513.0
2020-02-27,-11386.0,27751.0,-16365.0
2020-02-28,4609.0,-13010.0,8401.0
2020-03-02,-3650.0,1719.0,1931.0
2020-03-03,-503.0,21992.0,-21489.0
2020-03-04,5477.0,-5993.0,516.0
2020-03-05,2414.0,25307.0,-27721.0
2020-03-06,1242.0,-4913.0,3671.0
2020-03-09,-28104.0,8074.0,20030.0
2020-03-10,-8637.0,6940.0,1697.0
2020-03-11,-17607.0,23597.0,-5990.0
2020-03-12,-25789.0,28243.0,-2454.0
2020-03-13,18301.0,-20191.0,1890.0
2020-03-16,-10188.0,18438.0,-8250.0
2020-03-17,-18198.0,15666.0,2532.0
2020-03-18,642.0,18183.0,-18825.0
2020-03-19,-8706.0,-15430.0,24136.0
2020-03-20,12107.0,-12132.0,25.0
2020-03-23,-11420.0,13666.0,-2246.0
2020-03-24,-13713.0,9274.0,4439.0
2020-03-25,8876.0,-7746.0,-1130.0
2020-03-26,4619.0,17348.0,-21967.0
2020-03-27,678.0,639.0,-1317.0
2020-03-30,26491.0,-30253.0,3762.0
2020-03-31,7410.0,-3581.0,-3829.0
2020-04-01,130.0,13949.0,-14079.0
2020-04-02,804.0,-5966.0,5162.0
2020-04-03,6890.0,-2942.0,-3948.0
2020-04-07,24790.0,-30911.0,6121.0
2020-04-08,4580.0,-11546.0,6966.0
2020-04-09,-4553.0,11738.0,-7185.0
2020-04-10,2301.0,3722.0,-6023.0
2020-04-13,1499.0,1438.0,-2937.0
2020-04-14,2183.0,-3638.0,1455.0
2020-04-15,-1207.0,9962.0,-8755.0
2020-04-16,-11596.0,-846.0,12442.0
2020-04-17,12897.0,1166.0,-14063.0
2020-04-20,4701.0,-865.0,-3836.0
2020-04-21,-862.0,3388.0,-2526.0
2020-04-22,-5763.0,-4277.0,10040.0
2020-04-23,6505.0,256.0,-6761.0
2020-04-24,91.0,-1602.0,1511.0
2020-04-27,3131.0,-3895.0,764.0
2020-04-28,-2815.0,1826.0,989.0
2020-04-29,3907.0,-2362.0,-1545.0
2020-04-30,2648.0,-2237.0,-411.0
2020-05-05,-3393.0,-3436.0,6829.0
2020-05-07,1630.0,-6135.0,4505.0
2020-05-08,966.0,8848.0,-9814.0
2020-05-11,13652.0,592.0,-14244.0
2020-05-12,2307.0,331.0,-2638.0
2020-05-13,-3619.0,3120.0,499.0
2020-05-14,-4564.0,925.0,3639.0
2020-05-15,-237.0,-6790.0,7027.0
2020-05-18,4032.0,-2258.0,-1774.0
2020-05-19,3980.0,-6649.0,2669.0
2020-05-20,-3253.0,4719.0,-1466.0
2020-05-21,1621.0,-896.0,-725.0
2020-05-22,-4291.0,-7296.0,11587.0
2020-05-25,2836.0,4931.0,-7767.0
2020-05-26,1673.0,-2326.0,653.0
2020-05-27,2270.0,1278.0,-3548.0
2020-05-28,1632.0,-1069.0,-563.0
2020-05-29,-4550.0,10165.0,-5615.0
2020-06-01,7229.0,-2440.0,-4789.0
2020-06-02,-2897.0,3186.0,-289.0
2020-06-04,13.0,-6347.0,6334.0
2020-06-05,-1082.0,-15224.0,16306.0
2020-06-08,4321.0,-7205.0,2884.0
2020-06-09,-5979.0,5301.0,678.0
2020-06-10,-9924.0,13767.0,-3843.0
2020-06-11,-2018.0,-3210.0,5228.0
2020-06-12,-7274.0,-3243.0,10517.0
2020-06-15,7048.0,-4311.0,-2737.0
2020-06-16,5808.0,-9109.0,3301.0
2020-06-17,5579.0,-11020.0,5441.0
2020-06-18,912.0,8832.0,-9744.0
2020-06-19,5291.0,-9418.0,4127.0
2020-06-22,1500.0,-1361.0,-139.0
2020-06-23,-8295.0,6848.0,1447.0
2020-06-24,4888.0,9004.0,-13892.0
2020-06-25,-4928.0,5141.0,-213.0
2020-06-26,799.0,10395.0,-11194.0
2020-06-29,3431.0,1916.0,-5347.0
2020-06-30,6991.0,-1655.0,-5336.0
2020-07-01,438.0,-1958.0,1520.0
2020-07-02,-9385.0,5612.0,3773.0
2020-07-03,4295.0,-7124.0,2829.0
2020-07-07,-1003.0,-1032.0,2035.0
2020-07-08,-6344.0,3841.0,2503.0
2020-07-09,-2335.0,6009.0,-3674.0
2020-07-10,4682.0,-8652.0,3970.0
2020-07-13,639.0,-210.0,-429.0
2020-07-14,-784.0,5645.0,-4861.0
2020-07-15,-4485.0,7935.0,-3450.0
2020-07-16,-9.0,2039.0,-2030.0
2020-07-17,-1726.0,895.0,831.0
2020-07-20,-1829.0,-4060.0,5889.0
2020-07-21,-4176.0,-2622.0,6798.0
2020-07-22,8450.0,-12781.0,4331.0
2020-07-23,-225.0,-5147.0,5372.0
2020-07-24,3453.0,-3055.0,-398.0
2020-07-29,-3172.0,11633.0,-8461.0
2020-07-30,5292.0,-9013.0,3721.0
2020-07-31,496.0,12626.0,-13122.0
2020-08-03,9138.0,-15984.0,6846.0
2020-08-04,299.0,3839.0,-4138.0
2020-08-05,-13360.0,-8339.0,21699.0
2020-08-06,490.0,11587.0,-12077.0
2020-08-07,4423.0,19.0,-4442.0
2020-08-10,232.0,2083.0,-2315.0
2020-08-11,-2086.0,3212.0,-1126.0
2020-08-13,1148.0,2822.0,-3970.0
2020-08-14,5150.0,-15425.0,10275.0
2020-08-17,538.0,3988.0,-4526.0
2020-08-18,-4362.0,13314.0,-8952.0
2020-08-19,578.0,-9158.0,8580.0
2020-08-20,707.0,-3162.0,2455.0
2020-08-21,46.0,5173.0,-5219.0
2020-08-24,-1609.0,7252.0,-5643.0
2020-08-25,-464.0,12393.0,-11929.0
2020-08-26,687.0,5011.0,-5698.0
2020-08-27,435.0,2362.0,-2797.0
2020-08-28,4932.0,-16004.0,11072.0
2020-08-31,672.0,-2995.0,2323.0
2020-09-01,-1141.0,2800.0,-1659.0
2020-09-02,-5465.0,7495.0,-2030.0
2020-09-03,1580.0,-5664.0,4084.0
2020-09-08,3154.0,-13431.0,10277.0
2020-09-09,1124.0,8467.0,-9591.0
2020-09-10,1079.0,4951.0,-6030.0
2020-09-11,-2238.0,-1596.0,3834.0
2020-09-14,-432.0,-8369.0,8801.0
2020-09-15,-1940.0,12361.0,-10421.0
2020-09-16,-1739.0,11920.0,-10181.0
2020-09-17,-1162.0,15196.0,-14034.0
2020-09-18,-1828.0,-5006.0,6834.0
2020-09-21,1187.0,-19876.0,18689.0
2020-09-22,494.0,-19704.0,19210.0
2020-09-23,891.0,-15788.0,14897.0
2020-09-24,-1229.0,-4113.0,5342.0
2020-09-25,-3012.0,15136.0,-12124.0
2020-09-28,-307.0,15160.0,-14853.0
2020-09-29,-3121.0,24241.0,-21120.0
2020-09-30,-1625.0,-6865.0,8490.0
2020-10-01,-4303.0,14353.0,-10050.0
2020-10-02,5777.0,-7257.0,1480.0
2020-10-05,-321.0,2085.0,-1764.0
2020-10-06,3190.0,5760.0,-8950.0
2020-10-07,-5907.0,12338.0,-6431.0
2020-10-08,-4652.0,7040.0,-2388.0
2020-10-09,4596.0,-12324.0,7728.0
2020-10-12,-154.0,3656.0,-3502.0
2020-10-14,2442.0,-5974.0,3532.0
2020-10-15,-325.0,-4226.0,4551.0
2020-10-16,-3687.0,-21025.0,24712.0
2020-10-19,-13928.0,-4400.0,18328.0
2020-10-20,-2007.0,-795.0,2802.0
2020-10-21,6779.0,18567.0,-25346.0
2020-10-22,-6178.0,7834.0,-1656.0
2020-10-26,631.0,650.0,-1281.0
2020-10-27,-1527.0,-588.0,2115.0
2020-10-28,7236.0,2644.0,-9880.0
2020-10-29,3586.0,-15199.0,11613.0
2020-10-30,12629.0,-16538.0,3909.0
2020-11-02,-449.0,2830.0,-2381.0
2020-11-03,4512.0,6235.0,-10747.0
2020-11-04,4690.0,3528.0,-8218.0
2020-11-05,-9977.0,24680.0,-14703.0
2020-11-06,4510.0,-2174.0,-2336.0
2020-11-09,-5888.0,-18927.0,24815.0
2020-11-10,6224.0,-12266.0,6042.0
2020-11-11,4034.0,-9356.0,5322.0
2020-11-12,-6383.0,-4543.0,10926.0
2020-11-13,-1922.0,-15327.0,17249.0
2020-11-16,8908.0,-6051.0,-2857.0
2020-11-17,2466.0,20963.0,-23429.0
2020-11-18,-8094.0,903.0,7191.0
2020-11-19,-11066.0,5117.0,5949.0
2020-11-20,-5169.0,-12017.0,17186.0
2020-11-23,-644.0,-17392.0,18036.0
2020-11-24,6092.0,-3114.0,-2978.0
2020-11-25,6201.0,-3894.0,-2307.0
2020-11-26,-4656.0,5237.0,-581.0
2020-11-27,-10017.0,4057.0,5960.0
2020-11-30,5535.0,-3299.0,-2236.0
2020-12-01,74.0,6708.0,-6782.0
2020-12-02,3497.0,10105.0,-13602.0
2020-12-03,2466.0,20963.0,-23429.0
2020-12-04,-575.0,4389.0,-3814.0
2020-12-10,8296.0,-4300.0,-3996.0
